Name,Category,One Line Description,Authentication,Credential Availability,Public API,REST,GraphQL,Webhook Support,API Breadth,MCP Availability,Toolkit Buildability,Primary Blocker,Evidence URL,Confidence,Buildability Score,Needs Human Review,Docs URL,Developer Portal URL,Auth Docs URL,Pricing URL
Salesforce,CRM and Sales,Enterprise cloud-based customer relationship management platform.,"OAuth2, API Key",Available via developer portal,Yes,Yes,Yes,Yes,Comprehensive,Yes,High,None identified,https://developer.salesforce.com/docs/api,80.0,95.0,True,https://developer.salesforce.com/docs/api,https://developer.salesforce.com,https://help.salesforce.com/s/articleView?id=sf.remoteaccess_oauth_flows.htm,https://www.salesforce.com/pricing/
HubSpot,CRM and Sales,"Inbound marketing, sales, and service software platform.","OAuth2, API Key",Available via developer portal,Yes,Yes,Yes,Yes,Comprehensive,Yes,High,None identified,https://developers.hubspot.com/docs/api,100.0,100.0,False,https://developers.hubspot.com/docs/api,https://developers.hubspot.com,https://developers.hubspot.com/docs/api/oauth-quickstart,https://www.hubspot.com/pricing
Pipedrive,CRM and Sales,Web-based sales CRM and pipeline management software.,"OAuth2, API Key",Available via developer portal,Yes,Yes,No,Yes,Comprehensive,No,High,None identified,https://developers.pipedrive.com/docs/api,100.0,85.0,False,https://developers.pipedrive.com/docs/api,https://developers.pipedrive.com,https://pipedrive.readme.io/docs/how-to-use-oauth-20,https://www.pipedrive.com/en/pricing
Attio,CRM and Sales,"A flexible, modern CRM built for scale and automation.","API Key, OAuth2",Available via developer portal,Yes,Yes,No,Yes,Moderate,No,High,None identified,https://developers.attio.com,100.0,85.0,False,https://developers.attio.com,https://app.attio.com,https://developers.attio.com/reference/authentication,https://attio.com/pricing
Twenty,CRM and Sales,Modern open-source CRM built to be a direct competitor to Salesforce.,"API Key, OAuth2",Available via developer portal,Yes,Yes,Yes,Yes,Comprehensive,Yes,High,None identified,https://twenty.com,100.0,100.0,False,https://twenty.com,https://twenty.com/developers,https://docs.twenty.com/developer/api-auth,https://twenty.com/pricing
Podio,CRM and Sales,Collaborative work platform for organizing team projects and tasks.,"OAuth2, API Key",Available via developer portal,Yes,Yes,No,Yes,Moderate,No,High,None identified,https://developers.podio.com,100.0,85.0,False,https://developers.podio.com,https://podio.com/settings/api,https://developers.podio.com/index/oauth,https://podio.com/pricing
Zoho CRM,CRM and Sales,Omnichannel customer relationship management tool for sales automation.,OAuth2,Available via developer portal,Yes,Yes,No,Yes,Comprehensive,Yes,High,None identified,https://www.zoho.com/crm/developer/docs/api/,100.0,100.0,False,https://www.zoho.com/crm/developer/docs/api/,https://api-console.zoho.com,https://www.zoho.com/crm/developer/docs/api/v2/oauth-overview.html,https://www.zoho.com/crm/pricing.html
Close,CRM and Sales,Sales engagement CRM designed for high-growth sales teams.,"API Key, Basic Auth",Available via developer portal,Yes,Yes,No,Yes,Moderate,No,High,None identified,https://developer.close.com,100.0,80.0,False,https://developer.close.com,https://app.close.com,https://developer.close.com/#authentication,https://close.com/pricing
Copper,CRM and Sales,CRM built specifically for Google Workspace users.,API Key,Available via developer portal,Yes,Yes,No,Yes,Moderate,No,High,None identified,https://developer.copper.com,100.0,80.0,False,https://developer.copper.com/,https://app.copper.com,https://developer.copper.com/#authentication,https://www.copper.com/pricing
DealCloud,CRM and Sales,Financial CRM and deal management platform for private equity and investment banking.,"OAuth2, Bearer Token",Gated/Requires sales outreach,Yes,Yes,No,Likely,Moderate,No,Low,Partner gated / Requires active subscription and sales provisioning,https://api.docs.dealcloud.com,100.0,35.0,True,https://api.docs.dealcloud.com,https://dealcloud.com,https://api.docs.dealcloud.com/help,https://dealcloud.com/request-a-demo/
Zendesk,Support and Helpdesk,Customer service software and support ticketing system.,"OAuth2, API Key, Basic Auth",Available via developer portal,Yes,Yes,No,Yes,Comprehensive,Yes,High,None identified,https://developer.zendesk.com/api-reference/,100.0,100.0,False,https://developer.zendesk.com/api-reference/,https://developer.zendesk.com,https://developer.zendesk.com/api-reference/ticketing/introduction/#authentication,https://www.zendesk.com/pricing/
Intercom,Support and Helpdesk,AI-first customer service platform for support and engagement.,"OAuth2, Bearer Token",Available via developer portal,Yes,Yes,No,Yes,Comprehensive,Yes,High,None identified,https://developers.intercom.com/intercom-api-reference,100.0,100.0,False,https://developers.intercom.com/intercom-api-reference,https://developers.intercom.com,https://developers.intercom.com/building-apps/docs/authentication,https://www.intercom.com/pricing
Freshdesk,Support and Helpdesk,Cloud-based customer support software for ticketing and helpdesk operations.,"API Key, Basic Auth",Available via developer portal,Yes,Yes,No,Yes,Comprehensive,No,High,None identified,https://developers.freshdesk.com/api/,100.0,80.0,False,https://developers.freshdesk.com/api/,https://developers.freshdesk.com,https://developers.freshdesk.com/api/#authentication,https://freshdesk.com/pricing
Front,Support and Helpdesk,Customer operations platform that centralizes company communications.,"Bearer Token, OAuth2",Available via developer portal,Yes,Yes,No,Yes,Moderate,No,High,None identified,https://dev.frontapp.com/docs/api,80.0,80.0,True,https://dev.frontapp.com/docs/api,https://dev.frontapp.com,https://dev.frontapp.com/docs/api/authentication,https://front.com/pricing
Pylon,Support and Helpdesk,Customer support infrastructure for Slack-first support teams.,API Key,Available via developer portal,Yes,Yes,No,Yes,Limited,No,High,None identified,https://docs.usepylon.com,100.0,80.0,False,https://docs.usepylon.com,https://docs.usepylon.com/reference,https://docs.usepylon.com/reference/authentication,https://usepylon.com/pricing
LiveAgent,Support and Helpdesk,Ticketing and live chat software for customer support channels.,API Key,Available via developer portal,Yes,Yes,No,Yes,Moderate,No,High,None identified,https://api.liveagent.com,80.0,75.0,True,https://api.liveagent.com,https://api.liveagent.com/docs,https://api.liveagent.com/docs/#section/Authentication,https://www.liveagent.com/pricing/
Plain,Support and Helpdesk,Developer-first customer support API and platform.,"API Key, Bearer Token",Available via developer portal,Yes,No,Yes,Yes,Comprehensive,No,High,None identified,https://plain.com/docs,100.0,80.0,False,https://plain.com/docs,https://plain.com/docs/developer-tools,https://plain.com/docs/graphql/authentication,https://plain.com/pricing
Help Scout,Support and Helpdesk,Customer support platform offering shared inbox and knowledge base capabilities.,OAuth2,Available via developer portal,Yes,Yes,No,Yes,Comprehensive,No,High,None identified,https://developer.helpscout.com/mailbox-api/,100.0,85.0,False,https://developer.helpscout.com/mailbox-api/,https://developer.helpscout.com,https://developer.helpscout.com/mailbox-api/credentials/,https://www.helpscout.com/pricing/
Gorgias,Support and Helpdesk,Ecommerce helpdesk for customer support and ticket management.,"API Key, Basic Auth",Available via developer portal,Yes,Yes,No,Yes,Moderate,No,High,None identified,https://developers.gorgias.com,100.0,80.0,False,https://developers.gorgias.com,https://developers.gorgias.com/reference,https://developers.gorgias.com/reference/authentication,https://www.gorgias.com/pricing
Gladly,Support and Helpdesk,People-centered customer service platform focused on user conversations.,"API Key, Basic Auth",Gated/Requires sales outreach,Yes,Yes,No,Yes,Moderate,No,Low,Requires enterprise setup and provisioning,https://developer.gladly.com,100.0,35.0,True,https://developer.gladly.com,https://gladly.com,https://developer.gladly.com/reference/auth-header,https://www.gladly.com/pricing/
Slack,Communications and Messaging,Team communication platform that organizes workspace operations.,"OAuth2, Bearer Token",Available via developer portal,Yes,Yes,No,Yes,Comprehensive,Yes,High,None identified,https://api.slack.com/web,100.0,100.0,False,https://api.slack.com/web,https://api.slack.com/apps,https://api.slack.com/authentication,https://slack.com/pricing
Twilio,Communications and Messaging,"Customer engagement API platform for SMS, Voice, and Video.","Basic Auth, API Key",Available via developer portal,Yes,Yes,No,Yes,Comprehensive,Yes,High,None identified,https://www.twilio.com/docs/usage/api,100.0,95.0,False,https://www.twilio.com/docs/usage/api,https://www.twilio.com/console,https://www.twilio.com/docs/usage/security#authentication,https://www.twilio.com/pricing
Zoho Cliq,Communications and Messaging,Business communication software with integrated developer APIs.,OAuth2,Available via developer portal,Yes,Yes,No,Yes,Moderate,No,High,None identified,https://www.zoho.com/cliq/developer/docs/api/,80.0,80.0,True,https://www.zoho.com/cliq/developer/docs/api/,https://api-console.zoho.com,https://www.zoho.com/cliq/developer/docs/api/oauth-cliq.html,https://www.zoho.com/cliq/pricing.html
Lark (Larksuite),Communications and Messaging,Collaborative enterprise office suite for messaging and documents.,"OAuth2, Bearer Token",Available via developer portal,Yes,Yes,No,Yes,Comprehensive,No,High,None identified,https://open.larksuite.com/document/home/index,100.0,85.0,False,https://open.larksuite.com/document/home/index,https://open.larksuite.com/app,https://open.larksuite.com/document/uk0zI1YjLx0TM04yMTNEdjN/gGjN3UjLxozN14yM2cTN,https://www.larksuite.com/pricing
Pumble,Communications and Messaging,Team chat application for workplace messaging and file sharing.,"OAuth2, Bearer Token",Available via developer portal,Yes,Yes,No,Yes,Limited,No,High,None identified,https://pumble.com/developers/api,80.0,80.0,True,https://pumble.com/developers/api,https://pumble.com/developers,https://pumble.com/developers/docs/auth,https://pumble.com/pricing
Discord,Communications and Messaging,"Voice, video, and text communication platform for online communities.","OAuth2, Bearer Token",Available via developer portal,Yes,Yes,No,Yes,Comprehensive,Yes,High,None identified,https://discord.com/developers/docs/intro,100.0,100.0,False,https://discord.com/developers/docs/intro,https://discord.com/developers/applications,https://discord.com/developers/docs/topics/oauth2,https://discord.com/nitro
Telegram,Communications and Messaging,Cloud-based mobile and desktop messaging app with an open bot API.,"API Key, Bearer Token",Available via developer portal,Yes,Yes,No,Yes,Moderate,Yes,High,None identified,https://core.telegram.org/bots/api,100.0,95.0,False,https://core.telegram.org/bots/api,https://telegram.org/faq#q-how-do-i-create-a-bot,https://core.telegram.org/bots/api#authorizing-your-bot,https://telegram.org/faq
WhatsApp Business,Communications and Messaging,Global customer communication API platform from Meta.,"Bearer Token, OAuth2",Available via developer portal,Yes,Yes,No,Yes,Moderate,Yes,High,None identified,https://developers.facebook.com/docs/whatsapp/cloud-api,80.0,95.0,True,https://developers.facebook.com/docs/whatsapp/cloud-api,https://developers.facebook.com,https://developers.facebook.com/docs/whatsapp/cloud-api/get-started,https://developers.facebook.com/docs/whatsapp/pricing
Aircall,Communications and Messaging,Cloud-based call center software and telephony API platform.,"Basic Auth, API Key",Available via developer portal,Yes,Yes,No,Yes,Moderate,No,High,None identified,https://developer.aircall.io,100.0,80.0,False,https://developer.aircall.io,https://dashboard.aircall.io,https://developer.aircall.io/docs/authentication,https://aircall.io/pricing/
Vonage,Communications and Messaging,"Cloud communications platform for APIs including voice, SMS, and authentication.","API Key, JWT, Basic Auth",Available via developer portal,Yes,Yes,No,Yes,Comprehensive,No,High,None identified,https://developer.vonage.com,100.0,80.0,False,https://developer.vonage.com,https://dashboard.nexmo.com,https://developer.vonage.com/en/getting-started/authentication,https://www.vonage.com/communications-apis/pricing/
Google Ads,"Marketing, Ads, Email and Social",Online advertising platform developed by Google.,OAuth2,Available via developer portal,Yes,Yes,No,No,Comprehensive,No,Medium,None identified,https://developers.google.com/google-ads/api/docs/start,100.0,70.0,False,https://developers.google.com/google-ads/api/docs/start,https://console.cloud.google.com,https://developers.google.com/google-ads/api/docs/oauth/overview,https://ads.google.com
Meta Ads,"Marketing, Ads, Email and Social","Advertising platform for Facebook, Instagram, Messenger, and Audience Network.","OAuth2, Bearer Token",Available via developer portal,Yes,Yes,No,Yes,Comprehensive,No,High,None identified,https://developers.facebook.com/docs/marketing-apis,80.0,80.0,True,https://developers.facebook.com/docs/marketing-apis,https://developers.facebook.com,https://developers.facebook.com/docs/marketing-api/overview/authentication,https://www.facebook.com/business/ads
LinkedIn Ads,"Marketing, Ads, Email and Social",Advertising platform for business marketing and professional outreach on LinkedIn.,OAuth2,Available via developer portal,Yes,Yes,No,Yes,Moderate,No,High,None identified,https://learn.microsoft.com/en-us/linkedin/marketing/,100.0,85.0,False,https://learn.microsoft.com/en-us/linkedin/marketing/,https://www.linkedin.com/developers,https://learn.microsoft.com/en-us/linkedin/shared/authentication/authorization-code-flow,https://business.linkedin.com/marketing-solutions/ads
GoHighLevel,"Marketing, Ads, Email and Social",All-in-one marketing and sales automation platform for agencies.,"OAuth2, API Key",Available via developer portal,Yes,Yes,No,Yes,Moderate,No,High,None identified,https://highlevel.stoplight.io,100.0,85.0,False,https://highlevel.stoplight.io,https://marketplace.gohighlevel.com,https://highlevel.stoplight.io/docs/integrations/009623e1dc2fb-oauth-2-0-overview,https://www.gohighlevel.com/pricing
Mailchimp,"Marketing, Ads, Email and Social",Marketing automation and email marketing platform.,"OAuth2, API Key",Available via developer portal,Yes,Yes,No,Yes,Comprehensive,No,High,None identified,https://mailchimp.com/developer/marketing/api/,100.0,85.0,False,https://mailchimp.com/developer/marketing/api/,https://login.mailchimp.com,https://mailchimp.com/developer/marketing/docs/fundamentals/#oauth2,https://mailchimp.com/pricing/
Klaviyo,"Marketing, Ads, Email and Social",Customer data and email marketing platform tailored for ecommerce.,API Key,Available via developer portal,Yes,Yes,No,Yes,Moderate,No,High,None identified,https://developers.klaviyo.com,100.0,80.0,False,https://developers.klaviyo.com,https://www.klaviyo.com/app,https://developers.klaviyo.com/en/docs/authentication,https://www.klaviyo.com/pricing
systeme.io,"Marketing, Ads, Email and Social","All-in-one online business software for funnels, email, and courses.",API Key,Available via developer portal,Yes,Yes,No,Yes,Limited,No,High,None identified,https://systeme.io,100.0,80.0,False,https://systeme.io,https://systeme.io/dashboard/settings/api-keys,https://systeme.io/help,https://systeme.io/pricing
Pinterest,"Marketing, Ads, Email and Social","Visual discovery, sharing, and social media marketing platform.","OAuth2, Bearer Token",Available via developer portal,Yes,Yes,No,Yes,Moderate,No,High,None identified,https://developers.pinterest.com/docs/api/v5/,100.0,85.0,False,https://developers.pinterest.com/docs/api/v5/,https://developers.pinterest.com,https://developers.pinterest.com/docs/api/v5/#tag/authentication,https://ads.pinterest.com/
Threads (Meta),"Marketing, Ads, Email and Social",Social media API platform for publishing and retrieving Threads content.,"OAuth2, Bearer Token",Available via developer portal,Yes,Yes,No,Yes,Limited,No,High,None identified,https://developers.facebook.com/docs/threads,80.0,80.0,True,https://developers.facebook.com/docs/threads,https://developers.facebook.com,https://developers.facebook.com/docs/threads/getting-started,https://threads.net
SendGrid,"Marketing, Ads, Email and Social",Cloud-based customer communication platform for transactional and marketing email.,"API Key, Bearer Token",Available via developer portal,Yes,Yes,No,Yes,Comprehensive,Yes,High,None identified,https://docs.sendgrid.com/api-reference,100.0,95.0,False,https://docs.sendgrid.com/api-reference,https://app.sendgrid.com,https://docs.sendgrid.com/for-developers/sending-email/api-keys,https://sendgrid.com/pricing
Shopify,Ecommerce,Multi-channel cloud commerce platform for online stores and POS systems.,"OAuth2, API Key",Available via developer portal,Yes,Yes,Yes,Yes,Comprehensive,Yes,High,None identified,https://shopify.dev/docs/api/admin-rest,100.0,100.0,False,https://shopify.dev/docs/api/admin-rest,https://partners.shopify.com,https://shopify.dev/docs/apps/auth,https://www.shopify.com/pricing
WooCommerce,Ecommerce,"Open-source, highly customizable ecommerce plugin for WordPress.","API Key, Basic Auth",Available via developer portal,Yes,Yes,No,Yes,Comprehensive,Yes,High,None identified,https://woocommerce.github.io/woocommerce-rest-api-docs/,100.0,95.0,False,https://woocommerce.github.io/woocommerce-rest-api-docs/,https://woocommerce.com,https://woocommerce.github.io/woocommerce-rest-api-docs/#authentication,https://woocommerce.com/pricing
BigCommerce,Ecommerce,"Flexible, open SaaS ecommerce platform for scaling businesses.","OAuth2, API Key",Available via developer portal,Yes,Yes,Yes,Yes,Comprehensive,Yes,High,None identified,https://developer.bigcommerce.com/api-reference,100.0,100.0,False,https://developer.bigcommerce.com/api-reference,https://devtools.bigcommerce.com,https://developer.bigcommerce.com/docs/start/authentication,https://www.bigcommerce.com/pricing
Salesforce Commerce Cloud,Ecommerce,Cloud-based ecommerce platform tailored for enterprise scale.,"OAuth2, JWT",Gated/Requires sales outreach,Yes,Yes,No,Yes,Comprehensive,No,Low,Requires enterprise contracts and complex environment setup,https://developer.salesforce.com/docs/commerce/commerce-api/overview,80.0,35.0,True,https://developer.salesforce.com/docs/commerce/commerce-api/overview,https://developer.salesforce.com,https://developer.salesforce.com/docs/commerce/commerce-api/guide/authorization.html,https://www.salesforce.com/products/commerce/
Magento (Adobe Commerce),Ecommerce,Highly scalable enterprise ecommerce software powered by Adobe.,"Bearer Token, OAuth2, API Key",Available via developer portal,Yes,Yes,Yes,Yes,Comprehensive,No,High,None identified,https://developer.adobe.com/commerce/webapi/,100.0,85.0,False,https://developer.adobe.com/commerce/webapi/,https://developer.adobe.com,https://developer.adobe.com/commerce/webapi/get-started/authentication/,https://business.adobe.com/products/magento/pricing.html
Squarespace,Ecommerce,Website building and hosting platform offering API commerce integrations.,API Key,Available via developer portal,Yes,Yes,No,Yes,Moderate,No,High,Requires active commercial site subscription to generate keys,https://developers.squarespace.com/commerce-api,80.0,75.0,True,https://developers.squarespace.com/commerce-api,https://developers.squarespace.com,https://developers.squarespace.com/commerce-api/authentication,https://www.squarespace.com/pricing
Ecwid,Ecommerce,SaaS ecommerce solution for adding shop modules to existing websites.,OAuth2,Available via developer portal,Yes,Yes,No,Yes,Moderate,No,High,None identified,https://api-docs.ecwid.com,100.0,85.0,False,https://api-docs.ecwid.com,https://my.ecwid.com,https://api-docs.ecwid.com/reference/authentication,https://www.ecwid.com/pricing
Gumroad,Ecommerce,Simple direct-to-creator ecommerce utility and purchasing API.,"OAuth2, API Key",Available via developer portal,Yes,Yes,No,No,Limited,No,Medium,None identified,https://gumroad.com/api,100.0,70.0,False,https://gumroad.com/api,https://gumroad.com/settings/advanced,https://gumroad.com/api#authentication,https://gumroad.com/pricing
Amazon Selling Partner,Ecommerce,Suite of APIs helping sellers automate operations on Amazon marketplaces.,"OAuth2, Custom",Gated/Requires sales outreach,Yes,Yes,No,No,Comprehensive,No,Low,Requires verified Amazon Seller Account and AWS IAM signature configurations,https://developer-docs.amazon.com/sp-api,100.0,25.0,True,https://developer-docs.amazon.com/sp-api,https://sellercentral.amazon.com,https://developer-docs.amazon.com/sp-api/docs/authorization-and-authentication,https://sell.amazon.com/pricing
fanbasis,Ecommerce,Digital creator interaction and monetization hub.,API Key,Gated/Requires sales outreach,No,No,No,No,Limited,No,Low,No documented public API available for developer sign-ups,https://fanbasis.com,100.0,20.0,True,https://fanbasis.com,https://fanbasis.com,https://fanbasis.com,https://fanbasis.com
DataForSEO,"Data, SEO and Scraping","Structured search engine optimization API for keyword, SERP, and SEO data.","Basic Auth, API Key",Available via developer portal,Yes,Yes,No,No,Comprehensive,No,Medium,None identified,https://docs.dataforseo.com,100.0,65.0,False,https://docs.dataforseo.com,https://my.dataforseo.com,https://docs.dataforseo.com/#authentication,https://dataforseo.com/pricing
SE Ranking,"Data, SEO and Scraping",All-in-one SEO platform offering search ranking APIs.,"API Key, Bearer Token",Available via developer portal,Yes,Yes,No,No,Moderate,No,Medium,Requires a paid plan to use API endpoints,https://seranking.com/api.html,100.0,65.0,False,https://seranking.com/api.html,https://seranking.com,https://seranking.com/api.html,https://seranking.com/pricing.html
Ahrefs,"Data, SEO and Scraping",Enterprise SEO tool provider with ranking indexes and search data APIs.,"Bearer Token, OAuth2",Available via developer portal,Yes,Yes,No,No,Comprehensive,No,Medium,Requires enterprise plan subscription,https://ahrefs.com/api,100.0,70.0,False,https://ahrefs.com/api,https://ahrefs.com/dev,https://ahrefs.com/api/documentation,https://ahrefs.com/pricing
MrScraper,"Data, SEO and Scraping",Visual web scraper and automated scraping crawler host.,API Key,Available via developer portal,Yes,Yes,No,Yes,Limited,No,High,None identified,https://docs.mrscraper.com,100.0,80.0,False,https://docs.mrscraper.com,https://mrscraper.com,https://docs.mrscraper.com,https://mrscraper.com#pricing
Apify,"Data, SEO and Scraping","Cloud platform for web scraping, data extraction, and robotic process automation.","API Key, Bearer Token",Available via developer portal,Yes,Yes,No,Yes,Comprehensive,Yes,High,None identified,https://docs.apify.com/api/v2,100.0,95.0,False,https://docs.apify.com/api/v2,https://console.apify.com,https://docs.apify.com/api/v2#/introduction/authentication,https://apify.com/pricing
Firecrawl,"Data, SEO and Scraping",Web scraping engine that turns pages into clean Markdown for LLMs.,API Key,Available via developer portal,Yes,Yes,No,No,Limited,Yes,High,None identified,https://docs.firecrawl.dev,100.0,80.0,False,https://docs.firecrawl.dev,https://www.firecrawl.dev,https://docs.firecrawl.dev/api-reference/endpoint/scrape,https://www.firecrawl.dev/pricing
Bright Data,"Data, SEO and Scraping",Global proxy server network and structured web scraping API provider.,API Key,Available via developer portal,Yes,Yes,No,No,Moderate,No,Medium,Requires KYC verification and balance top-ups,https://brightdata.com,100.0,65.0,False,https://brightdata.com,https://brightdata.com,https://brightdata.com,https://brightdata.com/pricing
Sherlock,"Data, SEO and Scraping",Open-source CLI tool and API for scanning usernames across social sites.,None,Available via developer portal,Yes,No,No,No,Limited,No,Medium,"Open source CLI tool, not a hosted API service",https://github.com/sherlock-project/sherlock,100.0,50.0,False,https://github.com/sherlock-project/sherlock,https://github.com/sherlock-project/sherlock,https://github.com/sherlock-project/sherlock#installation,https://github.com/sherlock-project/sherlock
Waterfall.io,"Data, SEO and Scraping",Contact data and company intelligence provider.,API Key,Gated/Requires sales outreach,No,No,No,No,Limited,No,Low,No documented public API available for developer sign-ups,https://waterfall.io,100.0,20.0,True,https://waterfall.io,https://waterfall.io,https://waterfall.io,https://waterfall.io
Clay,"Data, SEO and Scraping",Data enrichment and outbound platform that integrates multiple databases.,API Key,Available via developer portal,Yes,Yes,No,No,Limited,No,Medium,None identified,https://clay.com,100.0,65.0,False,https://clay.com,https://app.clay.com,https://clay.com,https://clay.com/pricing
GitHub,"Developer, Infra and Data platforms",Collaborative hosting service for software repositories and git operations.,"OAuth2, API Key, Basic Auth",Available via developer portal,Yes,Yes,Yes,Yes,Comprehensive,Yes,High,None identified,https://docs.github.com/en/rest,100.0,100.0,False,https://docs.github.com/en/rest,https://github.com/settings/developers,https://docs.github.com/en/rest/overview/authenticating-to-the-rest-api,https://github.com/pricing
Vercel,"Developer, Infra and Data platforms",Frontend hosting and deployment architecture utility.,"Bearer Token, OAuth2",Available via developer portal,Yes,Yes,No,Yes,Comprehensive,Yes,High,None identified,https://vercel.com/docs/rest-api,100.0,100.0,False,https://vercel.com/docs/rest-api,https://vercel.com/dashboard,https://vercel.com/docs/rest-api#authentication,https://vercel.com/pricing
Netlify,"Developer, Infra and Data platforms",Serverless hosting platform and automation portal for web applications.,"OAuth2, Bearer Token",Available via developer portal,Yes,Yes,No,Yes,Comprehensive,Yes,High,None identified,https://docs.netlify.com/api/v1/,80.0,95.0,True,https://docs.netlify.com/api/v1/,https://app.netlify.com,https://docs.netlify.com/api/v1/#authentication,https://www.netlify.com/pricing/
Cloudflare,"Developer, Infra and Data platforms","Network security, infrastructure, and Edge serverless platform.","API Key, Bearer Token",Available via developer portal,Yes,Yes,No,Yes,Comprehensive,Yes,High,None identified,https://developers.cloudflare.com/api/,100.0,95.0,False,https://developers.cloudflare.com/api/,https://dash.cloudflare.com,https://developers.cloudflare.com/api/fundamentals/api-tokens/,https://www.cloudflare.com/plans/
Supabase,"Developer, Infra and Data platforms",Open source Firebase alternative built on top of Postgres databases.,"API Key, Bearer Token",Available via developer portal,Yes,Yes,No,Yes,Comprehensive,Yes,High,None identified,https://supabase.com/docs,100.0,95.0,False,https://supabase.com/docs,https://supabase.com/dashboard,https://supabase.com/docs/guides/api#securing-your-api,https://supabase.com/pricing
Neo4j,"Developer, Infra and Data platforms",Graph database engine with cloud access and analytics APIs.,"Basic Auth, API Key",Available via developer portal,Yes,Yes,No,No,Moderate,No,Medium,None identified,https://neo4j.com/docs/api/,80.0,60.0,True,https://neo4j.com/docs/api/,https://neo4j.com/cloud,https://neo4j.com/docs/api/http-api/current/#auth,https://neo4j.com/pricing
Snowflake,"Developer, Infra and Data platforms",Cloud-based data warehouse and SQL query engine API host.,"OAuth2, JWT, Basic Auth",Available via developer portal,Yes,Yes,No,No,Comprehensive,Yes,High,None identified,https://docs.snowflake.com/en/developer-guide/sql-api,100.0,85.0,False,https://docs.snowflake.com/en/developer-guide/sql-api,https://app.snowflake.com,https://docs.snowflake.com/en/developer-guide/sql-api/authenticating,https://www.snowflake.com/en/pricing/
MongoDB Atlas,"Developer, Infra and Data platforms",Cloud-hosted MongoDB database service with administrative APIs.,"API Key, Basic Auth",Available via developer portal,Yes,Yes,No,Yes,Comprehensive,No,High,None identified,https://mongodb.com/docs/atlas/api/v2/,80.0,75.0,True,https://mongodb.com/docs/atlas/api/v2/,https://cloud.mongodb.com,https://www.mongodb.com/docs/atlas/api/v2-spec/#tag/Authentication,https://www.mongodb.com/pricing
Datadog,"Developer, Infra and Data platforms",Monitoring and security platform for cloud-scale infrastructure.,API Key,Available via developer portal,Yes,Yes,No,Yes,Comprehensive,Yes,High,None identified,https://docs.datadoghq.com/api/,100.0,95.0,False,https://docs.datadoghq.com/api/,https://app.datadoghq.com,https://docs.datadoghq.com/api/latest/security/,https://www.datadoghq.com/pricing/
Sentry,"Developer, Infra and Data platforms",Developer-first error tracking and software crash analytics platform.,Bearer Token,Available via developer portal,Yes,Yes,No,Yes,Comprehensive,Yes,High,None identified,https://docs.sentry.io/api/,100.0,90.0,False,https://docs.sentry.io/api/,https://sentry.io/settings/account/api/,https://docs.sentry.io/api/auth/,https://sentry.io/pricing/
Notion,Productivity and Project Management,"Customizable wiki, document, and workspace management utility.","OAuth2, Bearer Token",Available via developer portal,Yes,Yes,No,No,Comprehensive,Yes,High,None identified,https://developers.notion.com/,100.0,85.0,False,https://developers.notion.com/,https://www.notion.so/my-integrations,https://developers.notion.com/docs/authorization,https://www.notion.so/pricing
Airtable,Productivity and Project Management,Low-code database and collaborative spreadsheet utility.,"OAuth2, Bearer Token",Available via developer portal,Yes,Yes,No,Yes,Comprehensive,Yes,High,None identified,https://airtable.com/developers/web/api,100.0,100.0,False,https://airtable.com/developers/web/api,https://airtable.com/create/tokens,https://airtable.com/developers/web/api/introduction#authentication,https://airtable.com/pricing
Linear,Productivity and Project Management,Issue tracking tool designed for high-performance software engineering teams.,"OAuth2, API Key",Available via developer portal,Yes,No,Yes,Yes,Comprehensive,Yes,High,None identified,https://developers.linear.app/,100.0,100.0,False,https://developers.linear.app/,https://linear.app/settings/api,https://developers.linear.app/docs/graphql/working-with-the-api#authentication,https://linear.app/pricing
Jira,Productivity and Project Management,Project management and issue tracker software for agile teams.,"OAuth2, Basic Auth",Available via developer portal,Yes,Yes,No,Yes,Comprehensive,Yes,High,None identified,https://developer.atlassian.com/cloud/jira/platform/rest/v3/intro/,100.0,100.0,False,https://developer.atlassian.com/cloud/jira/platform/rest/v3/intro/,https://developer.atlassian.com,https://developer.atlassian.com/cloud/jira/platform/jira-rest-api-oauth-2-3lo-apps/,https://www.atlassian.com/software/jira/pricing
Asana,Productivity and Project Management,Work management tool to help teams orchestrate projects and tasks.,"OAuth2, Bearer Token",Available via developer portal,Yes,Yes,No,Yes,Comprehensive,Yes,High,None identified,https://developers.asana.com/docs,100.0,100.0,False,https://developers.asana.com/docs,https://app.asana.com/0/developer-console,https://developers.asana.com/docs/authentication,https://asana.com/pricing
Monday.com,Productivity and Project Management,Work operating system that enables teams to build custom workflows.,"OAuth2, API Key",Available via developer portal,Yes,No,Yes,Yes,Comprehensive,Yes,High,None identified,https://developer.monday.com/api-reference,100.0,100.0,False,https://developer.monday.com/api-reference,https://developer.monday.com,https://developer.monday.com/api-reference/docs/authentication,https://monday.com/pricing
ClickUp,Productivity and Project Management,"Customizable workspace app offering tasks, docs, and goals APIs.","OAuth2, API Key",Available via developer portal,Yes,Yes,No,Yes,Comprehensive,Yes,High,None identified,https://clickup.com/api/,100.0,100.0,False,https://clickup.com/api/,https://app.clickup.com,https://clickup.com/api/developer-portal/authentication/,https://clickup.com/pricing
Coda,Productivity and Project Management,"Collaborative text editor combining documents, spreadsheets, and databases.","OAuth2, Bearer Token",Available via developer portal,Yes,Yes,No,Yes,Comprehensive,No,High,None identified,https://coda.io/developers/apis/v1,100.0,85.0,False,https://coda.io/developers/apis/v1,https://coda.io/account,https://coda.io/developers/apis/v1#section/Authentication,https://coda.io/pricing
Smartsheet,Productivity and Project Management,SaaS platform for work management and collaboration using row/sheet concepts.,"OAuth2, Bearer Token",Available via developer portal,Yes,Yes,No,Yes,Comprehensive,No,High,None identified,https://smartsheet.com/developers,100.0,85.0,False,https://smartsheet.com/developers,https://app.smartsheet.com,https://smartsheet.redoc.ly/#section/Authentication,https://www.smartsheet.com/pricing
Harvest,Productivity and Project Management,Time tracking and business invoicing software offering developer access.,"OAuth2, Bearer Token",Available via developer portal,Yes,Yes,No,No,Moderate,No,Medium,None identified,https://help.getharvest.com/api-v2/,100.0,70.0,False,https://help.getharvest.com/api-v2/,https://id.getharvest.com/developers,https://help.getharvest.com/api-v2/authentication/,https://www.getharvest.com/pricing
Stripe,Finance and Fintech,Global financial infrastructure and payment processing API suite.,"API Key, Bearer Token, OAuth2",Available via developer portal,Yes,Yes,No,Yes,Comprehensive,Yes,High,None identified,https://stripe.com/docs/api,100.0,100.0,False,https://stripe.com/docs/api,https://dashboard.stripe.com,https://stripe.com/docs/api/authentication,https://stripe.com/pricing
Plaid,Finance and Fintech,Fintech API connecting consumer bank accounts to applications.,API Key,Available via developer portal,Yes,Yes,No,Yes,Comprehensive,Yes,High,None identified,https://plaid.com/docs/,100.0,95.0,False,https://plaid.com/docs/,https://dashboard.plaid.com,https://plaid.com/docs/quickstart/#keys,https://plaid.com/pricing
Binance,Finance and Fintech,Global cryptocurrency exchange marketplace with public websocket and REST trading APIs.,API Key,Available via developer portal,Yes,Yes,No,No,Comprehensive,No,Medium,Requires verified personal account with regulatory restrictions in certain jurisdictions,https://binance-docs.github.io/apidocs/spot/en/,100.0,65.0,False,https://binance-docs.github.io/apidocs/spot/en/,https://www.binance.com/en/my/settings/api-management,https://binance-docs.github.io/apidocs/spot/en/#api-library-list,https://www.binance.com/en/fee/schedule
Paygent Connect,Finance and Fintech,Payment settlement gateway serving merchant accounts.,API Key,Gated/Requires sales outreach,Yes,Yes,No,No,Limited,No,Low,Partner gated / Requires corporate verification and physical sales request,https://paygent.com,100.0,20.0,True,https://paygent.com,https://paygent.com,https://paygent.com,https://paygent.com
iPayX,Finance and Fintech,Billing management and corporate invoice software.,Basic Auth,Gated/Requires sales outreach,No,No,No,No,Limited,No,Low,No documented public API available for developer sign-ups,https://ipayx.ai/docs,100.0,15.0,True,https://ipayx.ai/docs,https://ipayx.ai,https://ipayx.ai,https://ipayx.ai
QuickBooks,Finance and Fintech,"Cloud financial software for accounting, invoices, and business tax filings.",OAuth2,Available via developer portal,Yes,Yes,No,Yes,Comprehensive,No,High,None identified,https://developer.intuit.com/app/developer/qbo/docs/api/service/accounting/v3,100.0,85.0,False,https://developer.intuit.com/app/developer/qbo/docs/api/service/accounting/v3,https://developer.intuit.com/app/developer/dashboard,https://developer.intuit.com/app/developer/qbo/docs/develop/authentication-and-authorization,https://quickbooks.intuit.com/pricing/
Xero,Finance and Fintech,Accounting platform offering transaction syncing and ledger tools.,OAuth2,Available via developer portal,Yes,Yes,No,Yes,Comprehensive,No,High,None identified,https://developer.xero.com/documentation/api/accounting/overview,100.0,85.0,False,https://developer.xero.com/documentation/api/accounting/overview,https://developer.xero.com/app/dashboard,https://developer.xero.com/documentation/guides/oauth2/overview,https://www.xero.com/pricing/
Brex,Finance and Fintech,"Corporate card, spend management, and corporate banking platform.","OAuth2, Bearer Token",Available via developer portal,Yes,Yes,No,Yes,Moderate,No,High,None identified,https://developer.brex.com/,100.0,85.0,False,https://developer.brex.com/,https://dashboard.brex.com,https://developer.brex.com/docs/authentication,https://www.brex.com/pricing
Ramp,Finance and Fintech,Finance automation and corporate spend platform.,"OAuth2, API Key",Available via developer portal,Yes,Yes,No,Yes,Moderate,No,High,None identified,https://docs.ramp.com/,100.0,85.0,False,https://docs.ramp.com/,https://ramp.com/developer-hub,https://docs.ramp.com/developer-hub/oauth,https://ramp.com/pricing
PitchBook,Finance and Fintech,Private capital market database and financial platform.,API Key,Gated/Requires sales outreach,Yes,Yes,No,No,Comprehensive,No,Low,Requires high enterprise subscription tier and custom sales contract signoff,https://pitchbook.com,80.0,15.0,True,https://pitchbook.com,https://pitchbook.com,https://pitchbook.com,https://pitchbook.com/demo
NotebookLM,"AI, Research and Media-native",Personalized AI research assistant notebook developed by Google.,"OAuth2, API Key",Available via developer portal,Yes,Yes,No,No,Limited,No,Medium,Managed via Google Cloud Vertex AI integrations,https://cloud.google.com/gemini,100.0,70.0,False,https://cloud.google.com/gemini,https://console.cloud.google.com,https://cloud.google.com/vertex-ai/docs/reference,https://cloud.google.com/vertex-ai/pricing
Otter AI,"AI, Research and Media-native","AI transcription, meeting notes, and conversation capture tool.",API Key,Gated/Requires sales outreach,No,No,No,No,Limited,Yes,Low,No documented public API available for developer sign-ups,https://help.otter.ai,80.0,30.0,True,https://help.otter.ai,https://otter.ai,https://help.otter.ai,https://otter.ai/pricing
Fathom,"AI, Research and Media-native","Free AI meeting recorder that records, transcribes, and highlights business calls.",OAuth2,Gated/Requires sales outreach,Yes,Yes,No,Yes,Limited,No,Low,API is partner-gated for authorized integration clients,https://fathom.video,100.0,40.0,True,https://fathom.video,https://fathom.video,https://fathom.video,https://fathom.video/pricing
Consensus,"AI, Research and Media-native",AI search engine that finds research insights from peer-reviewed scientific papers.,OAuth2,Gated/Requires sales outreach,No,No,No,No,Limited,No,Low,No documented public developer API portal open for signup,https://consensus.app,80.0,20.0,True,https://consensus.app,https://consensus.app,https://consensus.app,https://consensus.app/pricing/
Reducto,"AI, Research and Media-native",Developer tool for ingestion and OCR parsing of PDFs/documents.,API Key,Available via developer portal,Yes,Yes,No,No,Limited,No,Medium,None identified,https://reducto.ai,100.0,65.0,False,https://reducto.ai,https://dashboard.reducto.ai,https://reducto.ai/docs,https://reducto.ai/#pricing
Devin,"AI, Research and Media-native",Autonomous AI software developer agent platform.,"API Key, Bearer Token",Available via developer portal,Yes,Yes,No,Yes,Moderate,Yes,High,None identified,https://docs.devin.ai/,100.0,95.0,False,https://docs.devin.ai/,https://devin.ai,https://docs.devin.ai/api,https://devin.ai
higgsfield,"AI, Research and Media-native",AI video creation and editing application system.,API Key,Gated/Requires sales outreach,No,No,No,No,Limited,No,Low,No documented public API available for developer sign-ups,https://higgsfield.ai,100.0,20.0,True,https://higgsfield.ai,https://higgsfield.ai,https://higgsfield.ai,https://higgsfield.ai
Mermaid CLI,"AI, Research and Media-native",Command-line interface tools to generate diagrams from Markdown scripts.,None,Available via developer portal,Yes,No,No,No,Limited,No,Medium,"Open source CLI utility, not an online SaaS service API",https://github.com/mermaid-js/mermaid-cli,100.0,50.0,False,https://github.com/mermaid-js/mermaid-cli,https://github.com/mermaid-js/mermaid-cli,https://github.com/mermaid-js/mermaid-cli,https://github.com/mermaid-js/mermaid-cli
YouTube Transcript,"AI, Research and Media-native",Developer utility service for grabbing transcripts of YouTube videos.,API Key,Available via developer portal,Yes,Yes,No,No,Limited,No,Medium,None identified,https://transcriptapi.com,100.0,65.0,False,https://transcriptapi.com,https://transcriptapi.com,https://transcriptapi.com,https://transcriptapi.com
Grain,"AI, Research and Media-native",Meeting recording software and automated transcription API.,"OAuth2, API Key",Gated/Requires sales outreach,Yes,Yes,No,Yes,Limited,No,Low,API is partner-gated for authorized integration clients,https://grain.com,100.0,40.0,True,https://grain.com,https://grain.com,https://grain.com,https://grain.com/pricing
